{
  "packages": [
    {
      "name": "EtekBoard",
      "maintainer": "Etek",
      "websiteUrl": "https://www.quan-e.com/",
      "Url": "https://github.com/firmament79/ETEK/raw/main/package_EtekBoard_index.json",
      "email": "",
      "platforms": [
        {
          "name": "EtekBoard",
          "architecture": "avr",
          "version": "1.0.0",
          "deprecated": false,
          "category": "Contributed",
          "url": "https://github.com/firmament79/ETEK/raw/main/EtekBoard-1.0.0.zip",
          "archiveFileName": "EtekBoard-1.0.0.zip",
          "checksum": "SHA-256:a027af2753dd58a43d02f12b81e5c57ac13e63c49b2ccd46ac5075a235bc559d",
          "size": "5641120",
          "boards": [
            {
              "name": "MINI v2.4 (UNO/ATmega328PU)"
            },
            {
              "name": "MINI v3.0 (ATmega328PB)"
            },
            {
              "name": "TANK v2.0 (ATmega2560)"
            }
          ],
          "help": {},
          "toolsDependencies": [
            {
              "packager": "EtekBoard",
              "name": "avrdude",
              "version": "7.2-arduino.1"
            }
          ],
          "discoveryDependencies": [],
          "monitorDependencies": []
        }
      ],
      "tools": [
        {
          "name": "avrdude",
          "version": "7.2-arduino.1",
          "systems": [
            {
              "host": "arm-linux-gnueabihf",
              "url": "http://downloads.arduino.cc/tools/avrdude_7.2-arduino.1_Linux_ARMv6.tar.gz",
              "archiveFileName": "avrdude_7.2-arduino.1_Linux_ARMv6.tar.gz",
              "size": "1243922",
              "checksum": "SHA-256:b5b88e4f52c0edb861f5ae54acbd752f9ecd562a4db4d821ab8c276ee5696dab"
            },
            {
              "host": "aarch64-linux-gnu",
              "url": "http://downloads.arduino.cc/tools/avrdude_7.2-arduino.1_Linux_ARM64.tar.gz",
              "archiveFileName": "avrdude_7.2-arduino.1_Linux_ARM64.tar.gz",
              "size": "1348250",
              "checksum": "SHA-256:a3862e6a38668c2688dc0822b16c3f824612cc606259b6813bc5778d36c92ba9"
            },
            {
              "host": "x86_64-apple-darwin12",
              "url": "http://downloads.arduino.cc/tools/avrdude_7.2-arduino.1_macOS_64bit.tar.gz",
              "archiveFileName": "avrdude_7.2-arduino.1_macOS_64bit.tar.gz",
              "size": "928946",
              "checksum": "SHA-256:256cbde856714a18c11b4c99f6b00eed65e4208c92425fa9cfd75a5bdfb6ab09"
            },
            {
              "host": "x86_64-linux-gnu",
              "url": "http://downloads.arduino.cc/tools/avrdude_7.2-arduino.1_Linux_64bit.tar.gz",
              "archiveFileName": "avrdude_7.2-arduino.1_Linux_64bit.tar.gz",
              "size": "1256881",
              "checksum": "SHA-256:25e1b568757d9a58b9663e4493ffc04b9e6d690535c9c1e6c1db7d1ecffb5eff"
            },
            {
              "host": "i686-linux-gnu",
              "url": "http://downloads.arduino.cc/tools/avrdude_7.2-arduino.1_Linux_32bit.tar.gz",
              "archiveFileName": "avrdude_7.2-arduino.1_Linux_32bit.tar.gz",
              "size": "1252284",
              "checksum": "SHA-256:86a811f6ba2bebbb717a524fcff495f0ebb146abcd15d341a10d867b8e8c83fd"
            },
            {
              "host": "i686-mingw32",
              "url": "http://downloads.arduino.cc/tools/avrdude_7.2-arduino.1_Windows_32bit.tar.gz",
              "archiveFileName": "avrdude_7.2-arduino.1_Windows_32bit.tar.gz",
              "size": "1682746",
              "checksum": "SHA-256:5536c9fcb41f4a36aa55b3711a0d74943a401261b15cc8aae2473c30ff292021"
            }
          ]
        }
      ],
      "help": {}
    }
  ],
  "IsTrusted": false
}